nome,cidade,logradouro,pesquisadores,trabalhos,latitude,longitude
Solução Ambiental Assessoria e Consultoria,Adamantina,Centro Geográfico de Adamantina,7,3,-21.6866517,-51.0762975
Universidade Evangelica de Goiás,Anápolis,Centro Geográfico de Anápolis,2,3,-16.2531951,-48.9384392
Universidade Estadual de Goiás,Anápolis,"Avenida Benjamin Constant, S/N",21,17,-15.8657918,-48.9549603
Centro Universitário de Araraquara,Araraquara,"Rua Esther do Amaral Zaitune, S/N",15,9,-21.8390067,-48.2412198
Instituto Barretos de Tecnologia,Barretos,Centro Geográfico de Barretos,2,2,-20.5400175,-48.5557293
Hospital de Câncer de Barretos,Barretos,"Rua Antenor Duarte Villela, 1331",109,49,-20.5099097,-48.5358964
Faculdade Única,Barroso,Centro Geográfico de Barroso,1,1,-21.187137,-43.9771259
Vale Technological Institute,Belém,Centro Geográfico de Belém,37,30,-2.4076777,-48.2269308
Imazon,Belém,Centro Geográfico de Belém,1,1,-1.45056,-48.4682453
Universidade Federal do Pará,Belém,"Passagem Coração de Jesus, S/N",312,171,-1.4677334,-48.4435021
Amazon Research Foundation,Belém,Centro Geográfico de Belém,3,5,-1.4921378,-48.4746293
Museu Paraense Emílio Goeldi,Belém,"Travessa 9 de Janeiro, 376",7,7,-1.4533059,-48.476567
"Instituto Federal de Educação, Ciência e Tecnologia do Pará",Belém,Centro Geográfico de Belém,41,43,-1.4630016,-48.4453612
Centro Universitário do Pará,Belém,"Rua Lgarapé Tucunduba, S/N",18,7,-1.4755383,-48.4562643
Universidade da Amazônia,Belém,"Rodovia BR-316, S/N",14,10,-1.3882102,-48.4144985
Universidade Federal Rural da Amazônia,Belém,"Via Felisberto Camargo, 2501",31,10,-1.4561196,-48.437936
Universidade do Estado do Pará,Belém,"Rua do Una, S/N",43,17,-1.431763,-48.4883913
"Instituto Federal de Educação, Ciência e Tecnologia do Rio Grande do Sul",Bento Gonçalves,Centro Geográfico de Bento Gonçalves,38,34,-29.1684391,-51.5135749
Universidade São Francisco,Bragança Paulista,"Avenida João Polidori, S/N",23,7,-22.9367615,-46.5524871
Centro Universitário de Brusque,Brusque,"Rua Dorval Luz, S/N",1,2,-27.0964628,-48.9136323
Fundação Padre Albino,Catanduva,"Rua dos Estudantes, 225",2,1,-21.1490841,-48.9571499
University Alto Vale do Rio do Peixe,Caçador,Centro Geográfico de Caçador,3,1,-26.7737784,-51.0134844
Universidade do Contestado,Caçador,Centro Geográfico de Caçador,3,5,-26.7890818,-51.0080962
Centro Universitário de Lavras,Centenário do Sul,Centro Geográfico de Centenário do Sul,1,1,-22.821497,-51.5951456
Universidade Federal da Fronteira Sul,Chapecó,"Rodovia Balseiros do Rio Uruguai, S/N",33,24,-27.1092366,-52.7023746
Universidade Comunitaria daRegiao de Chapeco - Unochapecó,Chapecó,Centro Geográfico de Chapecó,2,2,-27.0918152,-52.6682797
Centro Universitário do Espírito Santo (UNESC),Colatina,"Avenida Nossa Senhora da Penha, 2930",19,5,-19.5281935,-40.6588863
Universidade do Extremo Sul Catarinense,Criciúma,"Avenida Universitária, 1105",32,9,-28.702546,-49.4082917
Universidade Federal de Mato Grosso,Cuiabá,"Avenida Fernando Corrêa da Costa, 2367",61,50,-15.6,-55.3
Universidade de Cuiabá,Cuiabá,"Rua Romênia, S/N",1,1,-15.623147,-56.0875014
"Instituto Federal de Educação, Ciência e Tecnologia de Mato Grosso",Cuiabá,Centro Geográfico de Cuiabá,21,22,-15.5954697,-56.0993638
Centro Universitário Unirondon,Cuiabá,"Avenida Beira Rio, S/N",2,2,-15.6264551,-56.0870696
Universidade do Estado de Mato Grosso,Cáceres,Centro Geográfico de Cáceres,37,36,-16.0694017,-57.6800088
Universidade Federal dos Vales do Jequitinhonha e Mucuri,Diamantina,"BR-367;MGC-367, 5000",46,32,-18.1958324,-43.571112
Hospital Universitario Polydoro Ernani de São Thiago,Florianópolis,Centro Geográfico de Florianópolis,53,31,-27.597379,-48.5180616
Universidade Federal de Santa Catarina,Florianópolis,"Rua Roberto Sampaio Gonzaga, S/N",839,806,-27.6034133,-48.5224425
Fundação de Amparo à Pesquisa e Inovação do Estado de Santa Catarina,Florianópolis,Centro Geográfico de Florianópolis,6,4,-27.6002623,-48.5194716
Universidade do Estado de Santa Catarina,Florianópolis,"Rodovia Admar Gonzaga, S/N",114,100,-27.5907765,-48.5463163
"Instituto Federal de Educação, Ciência e Tecnologia de Santa Catarina",Florianópolis,Centro Geográfico de Florianópolis,47,45,-27.6013481,-48.517953
Centro de Pesquisas Oncológicas,Florianópolis,"Rodovia Admar Gonzaga, 655",4,3,-27.577329,-48.5090391
Empresa de Pesquisa Agropecuária e Extensão Rural de Santa Catarina,Florianópolis,Centro Geográfico de Florianópolis,7,2,-27.5816848,-48.5065648
Centro de Referencia em Tecnologias Inovadoras,Florianópolis,Centro Geográfico de Florianópolis,5,3,-27.5974407,-48.5905014
Universidade Federal da Integração Latino-Americana,Foz do Iguaçu,Centro Geográfico de Foz do Iguaçu,9,11,-25.4362556,-54.5942765
Itaipu Binacional,Foz do Iguaçu,"Avenida Tancredo Neves, S/N",3,3,-25.4470172,-54.5840534
Centro Universitário de Franca,Franca,"Rua Deputado Luiz de França Vergetti, S/N",2,1,-20.5937063,-47.3914187
Universidade de Franca,Franca,"Avenida Major Nicácio, S/N",6,5,-20.5937063,-47.3914187
Fundacao Ezequiel Dias,Gameleira,Centro Geográfico de Gameleira,13,4,-10.9781895,-41.6439047
Instituto Federal Goiano,Goiás,"GO-060, S/N",38,49,-16.7105982,-49.3001537
Universidade Federal de Goiás,Goiânia,"Beco do Cisco, 20",392,258,-15.9372878,-50.1382955
Instituto Federal de Goiás,Goiânia,"Rua 75, S/N",57,43,-16.6658814,-49.25534
Fundação de Apoio a Pesquisa do Estado de Goiás,Goiânia,Centro Geográfico de Goiânia,7,5,-16.6758932,-49.248449
Pontifícia Universidade Católica de Goiás,Goiânia,Centro Geográfico de Goiânia,40,21,-16.680882,-49.2532691
Hospital Araújo Jorge,Goiânia,"Rua 239, 181",2,2,-16.7120768,-49.2432824
Instituto de Gastroenterologia de Goiânia,Goiânia,Centro Geográfico de Goiânia,1,1,-16.680882,-49.2532691
Instituto de Olhos de Goiânia,Goiânia,Centro Geográfico de Goiânia,1,1,-16.724222,-49.2386323
Comissão Pastoral da Terra,Goiânia,Centro Geográfico de Goiânia,3,2,-16.6099318,-49.3496058
Universidade Vale do Rio Doce,Governador Valadares,Centro Geográfico de Governador Valadares,4,1,-18.8417956,-41.9028762
Universidade Regional do Noroeste do Estado do Rio Grande do Sul,Ijuí,"Rua Arthur Ambros, S/N",15,8,-28.2834196,-54.165612
Universidade Estadual de Santa Cruz,Ilhéus,Centro Geográfico de Ilhéus,44,39,-14.8495009,-39.2781615
Universidade do Vale do Itajaí,Itajaí,"Rua Uruguai, 458",55,33,-26.9164895,-48.6645872
Centro Universitário de Itajubá,Itajubá,"Avenida B, S/N",4,2,-22.4131783,-45.4515335
Laboratório Nacional de Astrofísica,Itajubá,"Trilha dos Torres, S/N",4,3,-22.5354156,-45.5822943
Universidade Federal de Itajubá,Itajubá,"Avenida BPS, 1301",170,154,-22.4129731,-45.4489197
Universidade de Itaúna,Itaúna,"Rodovia Nilo Penido, S/N",2,2,-20.0559063,-44.5707821
Instituto Federal de Educação Ciência e Tecnologia do Norte de Minas Gerais,Januária,Centro Geográfico de Januária,6,10,-15.0926747,-44.0941629
Centro Universitário de Jaraguá do Sul,Jaraguá do Sul,Centro Geográfico de Jaraguá do Sul,1,3,-26.4583693,-49.1159419
Universidade Federal de Jataí,Jatobá,Centro Geográfico de Jatobá,11,13,-5.8195391,-44.223188
Universidade do Oeste de Santa Catarina,Joaçaba,Centro Geográfico de Joaçaba,7,5,-27.1726752,-51.5063964
Centro Universitário de João Pessoa,João Pessoa,"Rodovia Governador Antônio Mariz, S/N",21,13,-7.1519327,-34.8523098
Hospital Universitário Lauro Wanderley,João Pessoa,"Rua Tab Estanislau Eloy, S/N",2,1,-7.16046,-34.8932852
Instituto Federal de Educação Ciência e Tecnologia da Paraíba,João Pessoa,Centro Geográfico de João Pessoa,55,53,-7.1607697,-34.8417211
Universidade Federal da Paraíba,João Pessoa,"Rua Alfredo Bandeira, S/N",387,266,-6.7505593,-35.6454502
Hospital Pitangueiras,Jundiaí,"Rua das Pitangueiras, 651",2,2,-23.2084333,-46.8831466
Faculdade de Medicina de Jundiaí,Jundiaí,"Rua Francisco Telles, 250",9,8,-23.2003754,-46.8773191
Universidade Federal do Amapá,Macapá,"Avenida Copacabana, km 02",5,5,-0.0046007,-51.084902
Universidade Estadual do Amapá,Macapá,"Avenida Presidente Getúlio Vargas, 650",2,2,0.0384102,-51.0556199
Instituto Federal do Amapá,Macapá,"Rua Niterói, 1263",6,2,0.0863771,-51.0916292
Centro Universitário Cesmac,Maceió,Centro Geográfico de Maceió,5,2,-9.6557283,-35.7375815
Universidade Federal de Alagoas,Maceió,"Avenida Lourival Melo Mota, S/N",261,207,-9.663862,-35.7306972
Universidade Estadual de Ciências da Saúde de Alagoas,Maceió,Centro Geográfico de Maceió,5,2,-9.663862,-35.7306972
"Instituto Federal de Educação, Ciência e Tecnologia de Alagoas",Maceió,Centro Geográfico de Maceió,12,13,-9.6602523,-35.7409727
Universidade Federal do Sul e Sudeste do Pará,Marabá,Centro Geográfico de Marabá,10,4,-5.3919694,-49.1252244
Centro Universitário Cesumar,Maringá,"Avenida Guedner, 1610",14,8,-23.4418954,-51.9177421
Universidade Estadual de Maringá,Maringá,"Avenida Colombo, 5790",170,119,-23.4051563,-51.9387682
Santa Casa de Misericórdia de Marília,Marília,"Avenida Vicente Ferreira, 828",2,2,-22.4138439,-50.5793532
Universidade de Marília,Marília,"Rua Doutor Próspero Cecilio Coimbra, S/N",6,4,-22.2367593,-49.966153
Faculdade de Medicina de Marília,Marília,"Rua Doutor Reinaldo Machado, 800",8,3,-22.227114,-49.9359818
Centro Universitário Eurípedes de Marilia,Marília,"Rua Benedicto Nery de Barros, S/N",19,14,-22.241442,-49.9650824
Universidade Federal Rural do Semi-Árido,Mossoró,"Rua Euclides Deocleciano, 574",114,100,-5.2114251,-37.3140843
Universidade do Estado do Rio Grande do Norte,Mossoró,"Avenida Professor Antônio Campos, S/N",37,33,-23.3054755,-46.493465
Universidade Federal Fluminense,Niterói,"Avenida Jansen de Melo, 174",492,496,-22.8608398,-43.0993407
Fundação Instituto de Pesca do Estado do Rio de Janeiro,Niterói,Centro Geográfico de Niterói,1,1,-22.8989763,-43.1197434
Hospital Universitário Antônio Pedro,Niterói,"Avenida Marquês do Paraná, 303",15,7,-22.906505,-43.1308243
Centro Universitário Plínio Leite,Niterói,Centro Geográfico de Niterói,1,1,-22.8865008,-43.1257917
Universidade Iguaçu,Nova Iguaçu,"Avenida Abílio Augusto Távora, 2134",12,5,-22.7591218,-43.4738554
Universidade Estadual do Rio Grande do Sul,Osório,Centro Geográfico de Osório,13,8,-29.889492,-50.2582315
Universidade Estadual do Paraná,Paranavaí,"Avenida Gabriel Esperidião, S/N",26,14,-23.0502201,-52.4708974
Santa Casa de Misericórdia de Passos,Passos,"Rua Desidério Brandão, S/N",6,3,-20.7117508,-46.6131335
Laboratório Nacional de Computação Científica,Petrópolis,"Avenida Getúlio Vargas, S/N",97,139,-22.5298089,-43.217433
Universidade Católica de Petrópolis,Petrópolis,"Rua Silva Jardim, 213",2,2,-22.5070286,-43.1676048
Faculdade de Medicina de Petrópolis,Petrópolis,Centro Geográfico de Petrópolis,4,6,-23.324772,-51.1623226
Centro Universitário Católica de Quixadá,Quixadá,Centro Geográfico de Quixadá,3,3,-4.9750797,-39.0152583
University for International Integration of the Afro-Brazilian Lusophony,Redenção,Centro Geográfico de Redenção,9,10,-4.2243979,-38.7278461
VISIONBR Tecnologia e Informatica (Brazil),Ribeirão Preto,Centro Geográfico de Ribeirão Preto,1,1,-21.1776315,-47.8100983
Centro Universitário Moura Lacerda,Ribeirão Preto,"Rua XI de Agosto, S/N",3,1,-21.1598333,-47.7693463
Nanophoton (Brazil),Ribeirão Preto,Centro Geográfico de Ribeirão Preto,22,8,-21.1776315,-47.8100983
Centro Universitário Barão de Mauá,Ribeirão Preto,Centro Geográfico de Ribeirão Preto,5,5,-21.1689354,-47.8038544
Universidade de Ribeirão Preto,Ribeirão Preto,"Rua Pedro Pegoraro, S/N",134,94,-21.1333024,-47.7746831
Clinics Hospital of Ribeirão Preto,Ribeirão Preto,Centro Geográfico de Ribeirão Preto,61,22,-21.1885591,-47.8347359
Instituto de Neurociências e Comportamento,Ribeirão Preto,Centro Geográfico de Ribeirão Preto,1,1,-21.1736627,-47.8407522
SUPERA Park of Innovation and Technology of Ribeirão Preto,Ribeirão Preto,Centro Geográfico de Ribeirão Preto,5,3,-21.1467905,-47.8599289
Comissão Executiva do Plano da Lavoura Cacaueira,Santa Isabel,Centro Geográfico de Santa Isabel,7,1,-23.3194222,-46.2271903
Instituto Nacional de Telecomunicacoes,Santa Rita do Sapucaí,Centro Geográfico de Santa Rita do Sapucaí,41,31,-22.2573047,-45.6958702
Universidade Federal do Oeste do Pará,Santarém,Centro Geográfico de Santarém,19,18,-2.4221114,-54.7390891
Fundação do ABC,Santo André,"Avenida Lauro Gomes, 2000",6,4,-23.6533509,-46.5279039
Universidade Federal do ABC,Santo André,"Avenida dos Estados, 5001",274,273,-23.6446564,-46.528415
Versor Inovação Tecnológica (Brazil),Santo André,Centro Geográfico de Santo André,1,1,-23.6533509,-46.5279039
Faculdade de Medicina do ABC,Santo André,"Avenida Lauro Gomes, 2000",27,16,-23.6613276,-46.5559443
Hospital Estadual Mário Covas,Santo André,"Rua Doutor Henrique Calderazzo, 321",1,1,-23.670927,-46.5329851
Centro Universitário Fundação Santo André,Santo André,"Avenida Príncipe de Gales, S/N",2,2,-23.6521042,-46.5281802
Universidade Federal Rural do Rio de Janeiro,Seropédica,"S/R, km 07",77,71,-22.7779121,-43.6853157
DLG Automation (Brazil),Sertãozinho,Centro Geográfico de Sertãozinho,1,1,-21.1375782,-47.9913741
Faculdade Sumaré,Sumaré,"Corredor Exclusivo de Onibus, S/N",2,1,-22.8217964,-47.267105
Villares Metals (Brasil),Sumaré,Centro Geográfico de Sumaré,1,1,-22.8038677,-47.2068059
Universidade Metodista de São Paulo,São Bernardo do Campo,"Rua Alfeu Tavares, 149",7,8,-23.683642,-46.5559111
Centro Universitário FEI,São Bernardo do Campo,"Avenida Humberto de Alencar Castelo Branco, 3972",77,126,-23.7080345,-46.5506747
Instituto Mauá de Tecnologia,São Caetano do Sul,"Estrada das Lágrimas, 1",13,10,-23.6482944,-46.5735529
Universidade Municipal de São Caetano do Sul,São Caetano do Sul,"Rua Tibagi, 441/457",16,6,-23.6166339,-46.5787364
Universidade Federal de São Carlos,São Carlos,"Rodovia Washington Luís, S/N",676,710,-21.993173,-47.3333435
Instituto de Psicologia Comportamental de São Carlos,São Carlos,Centro Geográfico de São Carlos,5,3,-21.988391,-47.8800736
Opto Eletrônica (Brazil),São Carlos,Centro Geográfico de São Carlos,18,7,-22.0012355,-47.9169437
Wavetek (Brazil),São Carlos,Centro Geográfico de São Carlos,3,1,-21.8788022,-47.8567619
AgriOS (Brazil),São Carlos,Centro Geográfico de São Carlos,1,1,-21.8788022,-47.8567619
Eyetec Equipamentos Oftalmicos (Brazil),São Carlos,Centro Geográfico de São Carlos,3,1,-29.7106478,-53.8220778
Centro Universitário Central Paulista,São Carlos,"Avenida Professora Maria de Cresci Leopoldino, S/N",10,3,-21.9814417,-47.9321278
Instituto Internacional de Ecologia (Brazil),São Carlos,Centro Geográfico de São Carlos,1,1,-21.9831722,-47.8783715
Sociedade Brasileira de  Matematica Aplicada e Computacional,São Carlos,Centro Geográfico de São Carlos,251,207,-21.9797308,-47.8812007
Santa Casa de Misericórdia de São Carlos,São Carlos,"Rua Doutor Carlos Carvalho Rosa, 115",1,1,-22.0112277,-47.9010162
XMobots (Brazil),São Carlos,Centro Geográfico de São Carlos,3,3,-21.8788022,-47.8567619
Universidade Salgado de Oliveira,São Gonçalo,Centro Geográfico de São Gonçalo,3,3,-22.8526165,-43.0814303
Hospital Regional de São José Dr. Homero de Miranda Gomes,São José,"Rua Adolfo Donato da Silva, S/N",4,1,-27.6096868,-48.6308058
Centro Universitário Municipal de São José,São José,"Rua Jair Vieira, 268",3,3,-27.5950893,-48.6159301
Centro Universitário do Norte Paulista,São José do Rio Preto,"Avenida Jesus Vilanova Vidal, S/N",5,2,-20.8171512,-49.4026269
Centro Universitário de Rio Preto,São José do Rio Preto,"Rua Ivete Gabriel Atique, 45",14,8,-20.8141357,-49.3784156
Hospital de Base,São José do Rio Preto,"Avenida Brigadeiro Faria Lima, 5544",3,3,-20.8071593,-49.4069745
Braile Biomédica (Brazil),São José do Rio Preto,Centro Geográfico de São José do Rio Preto,7,1,-20.83842,-49.4074678
Faculdade Ceres,São José do Rio Preto,Centro Geográfico de São José do Rio Preto,2,2,-21.1269664,-48.9477935
Faculdade de Medicina de São José do Rio Preto,São José do Rio Preto,"Avenida Brigadeiro Faria Lima, 5416",30,21,-20.8160462,-49.3824591
Universidade do Vale do Paraíba,São José dos Campos,"Avenida Shishima Hifumi, 2911",22,10,-23.2077365,-45.9487973
Instituto Tecnológico de Aeronáutica,São José dos Campos,"Alameda do ITA, S/N",268,296,-23.2102123,-45.8764544
Orbisat (Brazil),São José dos Campos,Centro Geográfico de São José dos Campos,6,1,-23.1867782,-45.8854538
Embraer (Brazil),São José dos Campos,Centro Geográfico de São José dos Campos,20,18,-23.2324983,-45.8519596
Instituto de Aeronáutica e Espaço,São José dos Campos,Centro Geográfico de São José dos Campos,85,75,-23.1867782,-45.8854538
Instituto de Controle do Espaço Aéreo,São José dos Campos,Centro Geográfico de São José dos Campos,4,1,-23.2505576,-45.9263569
Centro Nacional de Monitoramento e Alertas de Desastres Naturais,São José dos Campos,Centro Geográfico de São José dos Campos,8,5,-23.1576612,-45.7930642
Instituto Nacional de Pesquisas Espaciais,São José dos Campos,Centro Geográfico de São José dos Campos,254,249,-23.209186,-45.8599603
Centro de Tecnologia  Aeroespacial,São José dos Campos,Centro Geográfico de São José dos Campos,1,1,-23.2232968,-45.8684345
Universidade Federal de São João del-Rei,São João del Rei,Centro Geográfico de São João del Rei,108,108,-21.1048703,-44.2495718
Universidade do Vale do Rio dos Sinos,São Leopoldo,"Rua Brasil, S/N",257,217,-29.7572393,-51.1486647
Universidade Federal do Maranhão,São Luís,"Avenida Paulo Freire, 1966",294,277,-2.5580103,-44.3096333
Instituto Federal do Maranhão,São Luís,"Avenida dos Curiós, S/n",61,102,-2.6120488,-44.272188
Universidade Estadual do Maranhão,São Luís,"Rua Josemar Lima, S/N",26,24,-2.5852786,-44.2096792
Centro Universitário do Maranhão,São Luís,Centro Geográfico de São Luís,13,7,-2.5322655,-44.2903169
Hospital São Domingos,São Luís,"Avenida Jerônimo de Albuquerque, 540",4,2,-2.5193288,-44.2388366
Universidade de Taubaté,Taubaté,"Avenida Tiradentes, 500",20,12,-23.0311237,-45.5670706
Instituto de Desenvolvimento Sustentável Mamirauá,Tefé,Centro Geográfico de Tefé,3,2,-3.1241726,-59.9880334
Centro Universitário Serra dos Órgãos,Teresópolis,"Rua Sebastião Lacerda, 110",2,2,-22.3928202,-42.958471
Universidade do Sul de Santa Catarina,Tubarão,"Rua Osmar Cordeiro, S/N",5,5,-28.4741226,-49.0426777
Universidade Federal de Uberlândia,Uberlândia,"BR-365, S/N",432,412,-18.944137,-48.2138505
Esc. Sup. de Ciências da Santa Casa de Mis. de Vitória,Vitória,"Avenida Nossa Senhora da Penha, 2190",8,4,-18.8524004,-50.1362947
Escola de Negocios Fucape,Vitória,"Avenida Fernando Ferrari, S/N",2,3,-20.2735022,-40.300911
Fundação de Amparo à Pesquisa do Espírito Santo,Vitória,Centro Geográfico de Vitória,5,3,-20.276879,-40.3003194
Faesa Centro Universitario,Vitória,Centro Geográfico de Vitória,4,3,-20.2827288,-40.3380011
Instituto Federal do Espírito Santo (IFES),Vitória,"Avenida Vitória, 1729",83,99,-20.3100921,-40.3189231
"Instituto Capixaba de Pesquisa, Assistência Técnica e Extensão Rural",Vitória,Centro Geográfico de Vitória,1,1,-20.320465,-40.3364932
Prefeitura Municipal de Vitória,Vitória,"Avenida Marechal Mascarenhas de Moraes, S/N",5,1,-20.3183305,-40.3099543
Universidade Federal do Espírito Santo (UFES),Vitória,"Avenida Fernando Ferrari, 514",417,470,-20.2771567,-40.3045093
Southwest Bahia State University,Vitória da Conquista,Centro Geográfico de Vitória da Conquista,35,33,-14.8567487,-40.8414804
Universidade Federal de Viçosa,Viçosa,"Rua do Pintinho, S/N",269,223,-20.767635,-42.8587855
Centro Universitário de Votuporanga,Votuporanga,"Avenida Nasser Marão, 3069",5,3,-20.4410221,-49.977007
Centro Universitário de Várzea Grande,Várzea Grande,"Rua Padre Pio, 2655",2,2,-15.713839,-56.168445
Instituto Federal do Acre,Rio Branco,"Rua Rio Grande do Sul, 2600",3,3,-9.954803,-67.8643637
Fundação de Tecnologia do Estado do Acre,Rio Branco,Centro Geográfico de Rio Branco,1,1,-9.944524,-67.870967
Universidade Federal do Acre,Rio Branco,"S/R, km 04",25,18,-9.954803,-67.8643637
Fundação de Medicina Tropical,Manaus,"Avenida Pedro Teixeira, S/N",11,7,-3.0867357,-60.0350744
Universidade Nilton Lins,Manaus,"Saída Faculdade, S/N",1,1,-3.0604033,-60.0063298
Universidade Federal do Amazonas,Manaus,"Avenida General Rodrigo Otávio, S/N",256,196,-3.2001766,-59.4989288
Instituto Nacional de Pesquisa Amazonica,Manaus,Centro Geográfico de Manaus,19,19,-3.1305584,-59.9876742
Fundação de Amparo à Pesquisa do Estado do Amazonas,Manaus,"Rua dos Dera, Fundação de Amparo à Pesquisa do Estado do Amazonas",8,6,-3.0749473,-60.0287201
Centro Universitário do Norte,Manaus,Centro Geográfico de Manaus,3,3,-3.1291291769189202,-60.020443651276516
Instituto Federal do Amazonas,Manaus,"Avenida Governador Danilo de Matos Areosa, 1731",10,16,-3.2001766,-59.4989288
Universidade do Estado do Amazonas,Manaus,"Rua Júlio Mesquita, S/N",53,40,-3.1179661,-60.0165147
Universidade Federal do Oeste da Bahia,Barreiras,"Rua Jambo, S/N",22,11,-12.0767718,-45.7628943
Universidade Federal do Recôncavo da Bahia,Cruz das Almas,Centro Geográfico de Cruz das Almas,28,27,-12.6631525,-39.0828548
Universidade Estadual de Feira de Santana,Feira de Santana,"Avenida Transnordestina, S/N",80,76,-12.2600111,-38.9836323
Universidade Federal do Sul da Bahia,Itabuna,Centro Geográfico de Itabuna,4,5,-17.5621208,-39.7444622
Faculdade Ruy Barbosa,Salvador,"Rua Theodomiro Baptista, 422",4,1,-12.9316013,-38.4994948
Hospital Santa Izabel,Salvador,"Praça Conselheiro Almeida Couto, 500",2,2,-12.9261779,-38.4316743
"Secretaria de Ciência, Tecnologia e Inovação",Salvador,Centro Geográfico de Salvador,2,1,-12.9822499,-38.4812772
Instituto Nacional de Ciência e Tecnologia de Doenças Tropicais,Salvador,Centro Geográfico de Salvador,1,1,-13.0015983,-38.5075301
Universidade do Estado da Bahia,Salvador,"Rua Silveira Martins, 2555",43,33,-12.9520004,-38.4585795
Universidade Salvador,Salvador,"Rua Professor Jairo Simões, 3100",44,34,-12.8767614,-38.4860518
Hospital São Rafael,Salvador,"Avenida São Rafael, 2152",23,12,-12.9366815,-38.4245897
Instituto Federal da Bahia,Salvador,"Rua Emídio dos Santos, S/N",31,31,-12.9520004,-38.4585795
Hospital Ana Nery,Salvador,"Rua Manoel Mário de Lima, S/N",61,42,-12.9909956,-38.4635824
"Instituto Federal de Educação, Ciência e Tecnologia Baiano",Salvador,Centro Geográfico de Salvador,7,7,-12.9714379,-38.4382676
Fundação de Amparo à Pesquisa do Estado da Bahia,Salvador,Centro Geográfico de Salvador,6,5,-12.9991377,-38.5229219
Companhia de Eletricidade do Estado da Bahia (Brazil),Salvador,Centro Geográfico de Salvador,2,2,-12.9590185,-38.4358029
Faculdade de Tecnologia e Ciências,Salvador,"Avenida Luís Viana Filho, S/N",35,20,-13.0015983,-38.5075301
Jorge Amado University Center,Salvador,Centro Geográfico de Salvador,3,2,-12.9716969,-38.5085069
Instituto Midia Étnica,Salvador,Centro Geográfico de Salvador,7,9,-12.9822499,-38.4812772
Universidade Federal da Bahia,Salvador,"Rua Padre Camilo Torrend, UFBA",413,330,-12.9520004,-38.4585795
Escola Bahiana de Medicina e Saúde Pública,Salvador,Centro Geográfico de Salvador,20,6,-12.9907012,-38.4886529
Complexo Hospitalar Universitário Professor Edgard Santos,Salvador,Centro Geográfico de Salvador,36,14,-12.9935836,-38.5199469
Universidade Regional do Cariri,Crato,"Rua Major José Gonçalves, S/N",5,3,-7.2378177,-39.4157867
Universidade Estadual do Ceará,Fortaleza,"Rua C, 1700",139,80,-3.7938429,-38.556243
Hospital Universitário Walter Cantídio,Fortaleza,"Rua Pastor Samuel Munguba, 1290",4,3,-3.7492902,-38.551573
Unichristus,Fortaleza,"Avenida Dom Luís, 911",16,11,-3.7342876,-38.4931532
Hospital Geral de Fortaleza,Fortaleza,"Rua Professor Otávio Lobo, S/N",9,4,-27.1480954,-53.6126977
"Instituto Federal de Educação, Ciência e Tecnologia do Ceará",Fortaleza,Centro Geográfico de Fortaleza,209,164,-3.7444257,-38.5821493
Fundação Cearense de Apoio ao Desenvolvimento Científico e Tecnológico,Fortaleza,Centro Geográfico de Fortaleza,1,1,-3.727339,-38.5263124
Hospital Haroldo Juaçaba,Fortaleza,"Rua Papi Júnior, 1222",2,2,-3.74369,-38.4794483
Universidade Federal do Ceará,Fortaleza,"S/R, S/N",637,544,-3.7444338,-38.5771261
Fundação Cearense de Meteorologia e Recursos Hídricos,Fortaleza,"Avenida Rui Barbosa, 1246",1,1,-3.7335565,-38.5088368
Universidade de Fortaleza,Fortaleza,"Avenida Washington Soares, 1321",145,154,-25.5167893,-48.3111258
Universidade Federal do Cariri,Juazeiro do Norte,"Avenida Tentente Raimundo Rocha, S/N",12,9,-7.2150142,-39.2724898
State University of Vale do Acaraú,Sobral,Centro Geográfico de Sobral,5,5,-10.5923595,-36.9415073
Conselho Administrativo de Defesa Econômica (CADE),Brasília,Centro Geográfico de Brasília,2,1,-15.7416963,-47.8976489
Ministério do Trabalho e Emprego,Brasília,Centro Geográfico de Brasília,1,1,-15.8112465,-47.8681252
"Ministério da Ciência, Tecnologia e Inovação",Brasília,Centro Geográfico de Brasília,5,6,-10.3333333,-53.2
Conselho Nac. de Desenv. Científico e Tecnológico,Brasília,Centro Geográfico de Brasília,91,63,-10.3333333,-53.2
Sociedade Brasileira de Educação Matemática,Brasília,Centro Geográfico de Brasília,9,9,-10.3333333,-53.2
Departamento de Ciência e Tecnologia (Exército),Brasília,Centro Geográfico de Brasília,41,26,-15.7996396,-47.8700717
Eletrobras,Brasília,Centro Geográfico de Brasília,9,7,-10.3333333,-53.2
Escola Superior de Ciências da Saúde,Brasília,"SMHN Quadra 3, S/N",8,5,-15.8099734,-47.8710512
Secretaria de Estado de Segurança Pública (DF),Brasília,Centro Geográfico de Brasília,1,1,-15.792174,-47.8606217
Banco do Brasil,Brasília,"SAUN Quadra 5, S/N",9,6,-15.8032581,-47.8854767
Instituto Federal de Brasília (IFB),Brasília,Centro Geográfico de Brasília,12,14,-15.753801,-47.8787471
Banco Central do  Brasil,Brasília,"SBS Quadra 3, Bloco B",2,5,-15.7932453,-47.8846126
Hospital Santa Luzia,Brasília,"SHLS, S/N",2,2,-15.76,-47.8774036
Empresa Brasileira de Pesquisa Agropecuária (Embrapa),Brasília,Centro Geográfico de Brasília,204,206,-15.7303262,-47.8979957
Hospital Universitário de Brasília,Brasília,"SGAN - Quadra 606, S/N",17,6,-15.7715284,-47.8735864
Agência Nacional de Mineração (Antigo DNPM),Brasília,Centro Geográfico de Brasília,2,2,-15.7918373,-47.8770527
Associação Brasileira de Antropologia (ABA),Brasília,Centro Geográfico de Brasília,2,2,-15.8043233,-47.8818787
Centro Universitário Euroamericano (UNIEURO),Brasília,Centro Geográfico de Brasília,14,3,-15.844282,-47.915576
Instituto de Pesquisa Econômica Aplicada (IPEA),Brasília,Centro Geográfico de Brasília,1,1,-15.7984087,-47.8807422
Hospital de Base,Brasília,"SMHS, S/N",16,6,-15.80033,-47.8884235
Ministério da Saúde,Brasília,"N1, Bloco O",18,9,-15.7955571,-47.8704983
Universidade de Brasília,Brasília,"DF-459, S/N",752,649,-15.8450212,-48.099459
Inst. Bras. de Informação em Ciência e Tecnologia (IBICT),Brasília,Centro Geográfico de Brasília,12,7,-15.8194739,-47.9210262
Centro Universitário de Brasília (UniCEUB),Brasília,Centro Geográfico de Brasília,19,10,-15.767145,-47.8937435
"Min. do Desenv., Indústria, Comércio Exterior e Serviços",Brasília,Centro Geográfico de Brasília,1,1,-15.8364952,-47.9066663
Agência Nacional de Energia Elétrica (ANEEL),Brasília,Centro Geográfico de Brasília,8,4,-15.7786776,-47.8725034
Universidade Católica de Brasília,Brasília,"W5 Norte / SGAN 916, S/N",39,37,-15.7419087,-47.9028322
Instituto Brasileiro do Meio Ambiente e dos Recur. Nat. Ren.,Brasília,Centro Geográfico de Brasília,2,2,-15.7658267,-47.8606346
Polícia Federal do Brasil,Brasília,Centro Geográfico de Brasília,10,10,-15.8280541,-47.931609
Sabin Medicina Diagnóstica,Brasília,Centro Geográfico de Brasília,6,2,-15.8903224,-47.810538
Serviço Nacional de Aprendizagem Industrial,Brasília,"Acesso Sul, S/N",139,73,-15.805484,-47.88175
Governo Federal do Brasil,Brasília,Centro Geográfico de Brasília,1,1,-15.780804,-47.912685
Senado Federal,Brasília,"N1, S/N",5,3,-15.7992066,-47.8640495
Ministério da Educação (MEC),Brasília,Centro Geográfico de Brasília,10,16,-15.8153388,-47.8872689
Serviço Brasileiro de Apoio às Micro e Pequenas Empresas,Brasília,Centro Geográfico de Brasília,5,3,-15.7646687,-47.8611553
Coordenação de Aperfeicoamento de Pessoal de Nível Superior,Brasília,"SBN Quadra 2, S/N",24,24,-15.7879262,-47.8781722
Ministério da Defesa,Brasília,Centro Geográfico de Brasília,1,1,-15.8662479,-47.8232881
Agencia Nacional de  Aguas,Brasília de Minas,Centro Geográfico de Brasília de Minas,3,3,-16.2075114,-44.430559
Universidade Vila Velha (UVV),Vila Velha,"Praça da Cidadania, 21",24,14,-20.3543473,-40.2991866
Universidade de Rio Verde,Rio Verde,"Avenida Universitária, S/N",16,5,-26.2458132,-53.188448
Universidade Federal de Alfenas,Alfenas,"Rua Gabriel Monteiro da Silva, 700",62,30,-21.4297405,-45.9479419
Universidade José do Rosário Vellano,Alfenas,"BR-491, S/N",15,6,-21.4534927,-45.9455058
Universidade Presidente Antônio Carlos,Barbacena,Centro Geográfico de Barbacena,5,2,-21.2181039,-43.773181
Centro de Excelência em Bioinformática,Belo Horizonte,Centro Geográfico de Belo Horizonte,7,3,-19.9719605,-43.9633878
Empresa de Pesquisa Agropecuária de Minas Gerais,Belo Horizonte,Centro Geográfico de Belo Horizonte,21,9,-19.8845232,-43.9156611
João Pinheiro Foundation,Belo Horizonte,Centro Geográfico de Belo Horizonte,3,4,-19.9190275,-43.9093931
Centro de Direito Internacional,Belo Horizonte,Centro Geográfico de Belo Horizonte,1,1,-19.925789,-43.9367766
Fundação de Amparo à Pesquisa do Estado de Minas Gerais,Belo Horizonte,Centro Geográfico de Belo Horizonte,6,3,-19.8845232,-43.9156611
Hospital Risoleta Tolentino Neves,Belo Horizonte,"Rua das Gabirobas, 1",7,4,-19.8174987,-43.9484408
Hospital das Clínicas da Universidade Federal de Minas Gerais,Belo Horizonte,Centro Geográfico de Belo Horizonte,34,20,-19.8659115,-43.9710434
Universidade Federal de Minas Gerais,Belo Horizonte,"Rua João Luiz, S/N",1421,1380,-19.8659115,-43.9710434
Universidade Fundação Mineira de Educação e Cultura,Belo Horizonte,Centro Geográfico de Belo Horizonte,21,18,-19.9168037,-43.9339875
Centro Universitário de Belo Horizonte,Belo Horizonte,"Avenida Professor Mário Werneck, 1685",78,50,-29.5644568,-49.8993446
"Instituto Federal de Educação, Ciência e Tecnologia de Minas Gerais",Belo Horizonte,Centro Geográfico de Belo Horizonte,50,40,-19.8733639,-43.9677769
Grupo Santa Casa de Belo Horizonte,Belo Horizonte,Centro Geográfico de Belo Horizonte,23,6,-19.9247362,-43.9255998
Centro Universitário Newton Paiva,Belo Horizonte,Centro Geográfico de Belo Horizonte,12,11,-19.9059121,-43.9635915
Instituto de Ensino e Pesquisa Santa Casa,Belo Horizonte,Centro Geográfico de Belo Horizonte,6,6,-19.9203358,-43.9656612
Mater Dei Hospital,Belo Horizonte,"Avenida do Contorno, 9000",12,6,-19.9269626,-43.9576724
Secretaria Municipal de Saúde,Belo Horizonte,Centro Geográfico de Belo Horizonte,7,5,-19.9227318,-43.9450948
Instituto da Visão,Belo Horizonte,Centro Geográfico de Belo Horizonte,51,26,-19.9227318,-43.9450948
Fundação Hospitalar do Estado de Minas Gerais,Belo Horizonte,Centro Geográfico de Belo Horizonte,12,4,-19.925789,-43.9367766
Centro Federal de Educacao Tecnologica de Minas Gerais,Belo Horizonte,Centro Geográfico de Belo Horizonte,171,179,-19.9391867,-43.9992587
Hospital Felício Rocho,Belo Horizonte,"Avenida do Contorno, S/N",25,6,-19.9231182,-43.9569361
Centro de Desenvolvimento da Tecnologia Nuclear,Belo Horizonte,"Rua Professor Mário Werneck de Alencar Lima, S/N",37,22,-19.8733639,-43.9677769
Companhia Energética de Minas Gerais (Brazil),Belo Horizonte,Centro Geográfico de Belo Horizonte,14,10,-19.8659115,-43.9710434
Faculdade de Ciências Médicas de Minas Gerais,Belo Horizonte,"Alameda Ezequiel Dias, S/N",43,20,-19.8659115,-43.9710434
Pontifícia Universidade Católica de Minas Gerais,Belo Horizonte,"Avenida Dom José Gaspar, 500",194,199,-19.8659115,-43.9710434
Universidade do Estado de Minas Gerais,Belo Horizonte,"Rua do Rosário, 1081",18,13,-19.925789,-43.9367766
Faculdade Novos Horizontes,Belo Horizonte,"Avenida Sinfrônio Brochado, 1281",5,1,-19.928609,-43.9543953
Lifecenter Hospital,Belo Horizonte,"Avenida do Contorno, 4747",1,1,-19.9353585,-43.9247453
Hospital Madre Teresa,Belo Horizonte,"Avenida Raja Gabaglia, S/N",6,6,-19.8198276,-43.9644847
Centro Universitário Una,Betim,"Avenida Governador Valadares, 640",13,18,-19.9700116,-44.1967377
Centro Universitário do Leste de Minas Gerais,Coronel Fabriciano,Centro Geográfico de Coronel Fabriciano,6,7,-19.5309035,-42.5822729
Centro Universitário de Formiga,Formiga,"Rua Doutor Arnaldo Sena, S/N",1,1,-20.4648425,-45.4266753
Vale (Brazil),Itabira,Centro Geográfico de Itabira,27,22,-19.6478014,-43.1967187
Centro de Ensino Superior de Juiz de Fora,Juiz de Fora,Centro Geográfico de Juiz de Fora,4,4,-21.8167449,-43.3797044
Universidade Federal de Juiz de Fora,Juiz de Fora,"Rua Herminda Serqueiros Vasconcellos, S/N",322,279,-21.6955924,-43.4258588
Instituto Federal do Sudeste de Minas Gerais,Juiz de Fora,"Rua Américo Davim Filho, s/n",26,15,-21.7660132,-43.3292492
Hospital Universitário - Universidade Federal de Juiz de Fora,Juiz de Fora,Centro Geográfico de Juiz de Fora,9,3,-21.6955924,-43.4258588
Universidade Federal de Lavras,Lavras,Centro Geográfico de Lavras,223,171,-23.3987379,-46.4321601
Universidade Estadual de Montes Claros,Montes Claros,"Rua Santa Lúcia, S/N",32,27,-16.7283555,-43.8626404
Universidade Federal de Ouro Preto,Ouro Preto,"Rua 16, S/N",190,177,-9.3811768,-40.5222065
Centro Universitário de Patos de Minas,Patos de Minas,Centro Geográfico de Patos de Minas,15,7,-18.5974894,-46.5233256
Instituto Federal do Sul de Minas,Pouso Alegre,Centro Geográfico de Pouso Alegre,29,19,-22.2286894,-45.9298539
Universidade do Vale do Sapucaí,Pouso Alegre,Centro Geográfico de Pouso Alegre,9,4,-22.2197279,-45.9159442
Centro Universitário de Sete Lagoas,Sete Lagoas,Centro Geográfico de Sete Lagoas,1,1,-27.3272833,-52.4965705
Universidade de Uberaba,Uberaba,"Rua Guiomar Rodrigues da Cunha, S/N",7,5,-19.750833,-47.936666
Universidade Federal do Triângulo Mineiro,Uberaba,Centro Geográfico de Uberaba,14,13,-19.7557685,-47.930758
"Instituto Federal de Educação, Ciência e Tecnologia do Triângulo Mineiro",Uberaba,Centro Geográfico de Uberaba,29,54,-19.7557685,-47.930758
Anhanguera-Uniderp University,Campo Grande,"Rua Edson Pires de Almeida, S/N",16,4,-20.4388574,-54.5407013
"Fundação de Apoio ao Desenvolvimento do Ensino, Ciência e Tecnologia do Estado de Mato Grosso do Sul",Campo Grande,Centro Geográfico de Campo Grande,1,3,-20.5075445,-54.6205509
Universidade Federal de Mato Grosso do Sul,Campo Grande,"Rua Dona Deolinda Pereira de Souza, S/N",235,189,-20.4494839,-54.6081159
Universidade Católica Dom Bosco,Campo Grande,"Avenida Tamandaré, 6000",49,44,-20.406906,-54.6165001
Universidade Federal da Grande Dourados,Dourados,Centro Geográfico de Dourados,42,30,-22.797369,-43.3082232
Universidade Estadual de Mato Grosso do Sul,Dourados,"Rua Porto Esperanca, S/N",21,14,-22.2460593,-54.8136717
Instituto Evandro Chagas,Ananindeua,"Rodovia BR-316, S/N",13,5,-1.3735669,-48.3857414
Universidade Estadual da Paraíba,Campina Grande,"Rua Baraúnas, 351",30,29,-7.2099317,-35.915281
Instituto Nacional do Semiárido,Campina Grande,"Avenida Francisco Lopes de Almeida, S/N",1,1,-7.2523999,-35.9459805
Universidade Federal de Campina Grande,Campina Grande,"Rua Aprígio Veloso, 882",206,161,-7.2378984,-35.9169564
Universidade Federal do Vale do São Francisco,Petrolina,Centro Geográfico de Petrolina,42,24,-9.3944201,-40.4841976
Instituto Federal do Sertão Pernambucano,Petrolina,Centro Geográfico de Petrolina,11,18,-9.3817334,-40.4968875
Universidade de Pernambuco,Recife,"Avenida Agamenon Magalhães, S/N",344,289,-8.0524236,-34.9510615
Universidade Federal Rural de Pernambuco,Recife,"Rua Manuel de Medeiros, S/N",174,213,-8.0163702,-34.9504777
Faculdade Frassinetti do Recife,Recife,"Avenida Conde da Boa Vista, S/N",2,2,-8.0587989,-34.8886871
Centro de Tecnologias Estratégicas do Nordeste,Recife,"Avenida Professor Luiz Freire, S/N",5,3,-8.0579908,-34.9495584
Real Hospital Português,Recife,"Avenida Governador Agamenon Magalhães, 4760",8,4,-8.0643958,-34.8981573
Hospital das Clínicas da Universidade Federal de Pernambuco,Recife,Centro Geográfico de Recife,63,40,-8.0524236,-34.9510615
Centro de Estudos e Sistemas Avançados do Recife,Recife,Centro Geográfico de Recife,44,38,-8.0582355,-34.8719956
Universidade Federal de Pernambuco,Recife,"Avenida Professor Moraes Rego, 1235",996,1045,-8.0524236,-34.9510615
Fundacao Joaquim Nabuco,Recife,"Avenida Dezessete de Agosto, 2223",1,1,-8.0594482,-34.899963
Instituto de Medicina Integral Professor Fernando Figueira,Recife,Centro Geográfico de Recife,21,7,-8.0381583,-34.886065
Centro Universitário Maurício de Nassau,Recife,Centro Geográfico de Recife,14,4,-8.063919,-34.8753491
Universidade Católica de Pernambuco,Recife,"Rua do Príncipe, 526",30,22,-8.0524236,-34.9510615
Porto Digital (Brazil),Recife,Centro Geográfico de Recife,1,1,-8.0631128,-34.873909
Hospital da Restauração,Recife,"Avenida Agamenon Magalhães - Pista Local, S/N",3,3,-8.0537261,-34.8978444
"Instituto Federal de Educação, Ciência e Tecnologia de Pernambuco",Recife,Centro Geográfico de Recife,36,46,-8.060396,-34.9012839
Instituto de Tecnologia de Pernambuco,Recife,"Avenida Professor Luiz Freire, S/N",4,3,-8.0524236,-34.9510615
Universidade Federal do Piauí,Teresina,"S/R, S/N",192,170,-5.0475886,-42.779568
Universidade Estadual do Piau,Teresina,Centro Geográfico de Teresina,36,16,-4.95753,-42.771073
Instituto Federal do Piauí,Teresina,"Avenida Joaquim Manoel, S/N",30,32,-5.0885376,-42.810478
Centro Universitário Fundação Assis Gurgacz,Cascavel,Centro Geográfico de Cascavel,1,1,-24.9529959,-53.4430112
Universidade Estadual do Oeste do Paraná,Cascavel,"Rua Universitária, 2069",69,59,-24.9881257,-53.448794
Prefeitura Municipal de Curitiba,Curitiba,"Avenida Cândido de Abreu, 817",3,3,-25.4295963,-49.2712724
Hospital Universitário Cajuru,Curitiba,"Avenida São José, S/N",1,1,-25.4533496,-49.2130027
Universidade Tuiuti do Paraná,Curitiba,"Rua Sydnei Antônio Rangel Santos, 238",13,12,-25.4244575,-49.3180569
Universidade Positivo,Curitiba,"Avenida Juscelino Kubitschek de Oliveira (Marginal Leste), 5300",34,13,-25.4463185,-49.3589918
Instituto Federal do Paraná,Curitiba,"Rua João Negrão, 1285",33,49,-25.4400543,-49.2615222
Hospital Nossa Senhora das Graças,Curitiba,"Rua Alcides Munhoz, 433",13,2,-25.4288224,-49.2715492
Faculdade Evangélica do Paraná,Curitiba,"Rua Padre Anchieta, S/N",2,3,-25.4349991,-49.3060007
Hospital IPO,Curitiba,"Avenida República Argentina, 2069",9,4,-25.4648545,-49.2910184
Universidade Federal do Paraná,Curitiba,"Rua Ângelo Nabosne, 5001;5000",573,548,-25.4433285,-49.3539189
Uninter,Curitiba,"Rua Voluntários da Pátria, S/N",3,3,-25.4327787,-49.2746898
Hospital de Clínicas Universidade Federal do Paraná,Curitiba,Centro Geográfico de Curitiba,6,3,-25.439134,-49.2899873
Instituto de Tecnologia do Paraná,Curitiba,Centro Geográfico de Curitiba,10,9,-25.4295963,-49.2712724
Universidade Tecnológica Federal do Paraná,Curitiba,"Rua Ângelo Nabosne, 5001;5000",596,491,-25.4433285,-49.3539189
Instituto Laura Fressatto,Curitiba,Centro Geográfico de Curitiba,3,1,-25.4563126,-49.1968618
Hospital São Vicente,Curitiba,"Avenida Vicente Machado, S/N",4,2,-25.3936842,-49.2163536
Instituto de Neurologia de Curitiba,Curitiba,"Rua Jeremias Maciel Perretto, 300",2,3,-25.4431523,-49.3384017
Fundação Araucária,Curitiba,Centro Geográfico de Curitiba,7,4,-25.4295963,-49.2712724
Hospital Universitário Evangélico de Curitiba,Curitiba,"Praça Alfredo Andersen, 1908",4,1,-25.4295963,-49.2712724
Institutos Lactec,Curitiba,Centro Geográfico de Curitiba,10,9,-25.4295963,-49.2712724
Pontifícia Universidade Católica do Paraná,Curitiba,"Avenida Senador Salgado Filho, S/N",290,401,-25.4523677,-49.2513212
UniBrasil Centro Universitário,Curitiba,Centro Geográfico de Curitiba,4,5,-25.4246192,-49.2113989
Centro Universitário Curitiba,Curitiba,"Rua Chile, 1678",16,8,-25.4295963,-49.2712724
Hospital Erasto Gaertner,Curitiba,"Linha Verde, 9731",2,2,-25.4045504,-49.2445228
Universidade Estadual do Centro-Oeste,Guarapuava,"Rua Salvatore Renna, 875",25,22,-25.3711169,-51.4720919
Universidade Estadual do Norte do Paraná,Jacarezinho,Centro Geográfico de Jacarezinho,4,4,-23.1602829,-49.9742127
Instituto Agronômico do Paraná,Londrina,Centro Geográfico de Londrina,11,7,-23.3112878,-51.1595023
Universidade Estadual de Londrina,Londrina,"Estrada das Paineiras, S/N",150,117,-23.3112878,-51.1595023
Hospital Universitário Regional do Norte do Paraná,Londrina,Centro Geográfico de Londrina,15,3,-23.1918966,-49.9881908
Universidade Norte do Paraná,Londrina,"Rua Toulouse, S/N",13,3,-23.3279801,-51.1402982
Faculdade de Pato Branco,Pato Branco,Centro Geográfico de Pato Branco,5,5,-26.2166069,-52.6728508
Universidade Estadual de Ponta Grossa,Ponta Grossa,"Avenida General Carlos Cavalcanti, 4748",60,58,-30.1862583,-51.2394877
Universidade Paranaense,Umuarama,"Praça Mascarenhas de Moraes, 4282",9,2,-23.7562032,-53.301434
"Rio de Janeiro Federal Institute of Education, Science and Technology",Arraial do Cabo,Centro Geográfico de Arraial do Cabo,28,25,-22.9509781,-42.0369731
Instituto de Estudos do Mar Almirante Paulo Moreira,Arraial do Cabo,"S/R, S/N",1,1,-22.9772182,-42.021433
Universidade Veiga de Almeida,Cabo Frio,"Rua Salinas Ponta Costa, S/N",7,4,-22.8853048,-42.062926
Prefeitura Municipal de Rio das Ostras,Rio das Ostras,"Avenida Alcebíades Sabino dos Santos, S/N",3,5,-22.514182,-41.9336501
University Center Augusto Motta,Rio de Janeiro,Centro Geográfico de Rio de Janeiro,4,2,-22.862661,-43.2230021
Hospital Federal dos Servidores do Estado,Rio de Janeiro,"Rua Sacadura Cabral, S/N",7,2,-22.9238405,-43.2434341
Instituto de Radioproteção e Dosimetria,Rio de Janeiro,"Avenida Salvador Allende, S/N",13,9,-22.9935727,-43.4190497
Prefeitura Municipal de Campos dos Goytacazes,Rio de Janeiro,"Avenida Vinte e Oito de Março, 47",9,5,-21.7546,-41.3242
Banco Nacional de Desenvolvimento Economico e Social,Rio de Janeiro,Centro Geográfico de Rio de Janeiro,9,9,-23.2188651,-44.7145694
State University of Norte Fluminense,Rio de Janeiro,Centro Geográfico de Rio de Janeiro,25,16,-22.9111654,-43.2357832
Centro de Estudos e Pesquisa em Saúde Coletiva,Rio de Janeiro,Centro Geográfico de Rio de Janeiro,18,22,-22.9323111,-43.1747591
Governo do Estado do Rio de Janeiro,Rio de Janeiro,Centro Geográfico de Rio de Janeiro,1,1,-22.9111654,-43.2357832
Universidade Candido Mendes,Rio de Janeiro,"Rua Felipe Cardoso, S/N",8,7,-22.9042127,-43.175282
Instituto Nacional de Matemática Pura e Aplicada,Rio de Janeiro,"Estrada Dona Castorina, S/N",60,79,-22.9652676,-43.2376911
Museu de Astronomia e Ciências Afins,Rio de Janeiro,"Rua General Bruce, 586",10,5,-22.8955682,-43.2232378
Universidade Castelo Branco,Rio de Janeiro,"Rua Nepomuceno, S/N",6,3,-22.9369978,-43.1159295
Ministerio da Agricultura,Rio de Janeiro,Centro Geográfico de Rio de Janeiro,1,1,-22.8476313,-43.4891826
Centro Federal de Educacao Tecnologica Celso Suckow da Fonseca,Rio de Janeiro,Centro Geográfico de Rio de Janeiro,115,90,-22.9121427,-43.2247217
Centro Brasileiro de Pesquisas Físicas,Rio de Janeiro,"Rua Doutor Xavier Sigaud, 150",80,59,-22.8249251,-43.1826525
Hospital Universitário Gaffrée e Guinle,Rio de Janeiro,Centro Geográfico de Rio de Janeiro,5,6,-22.9306927,-43.1834409
Universidade Federal do Estado do Rio de Janeiro,Rio de Janeiro,Centro Geográfico de Rio de Janeiro,107,148,-22.9111654,-43.2357832
Escola de Comando e Estado-Maior do Exército,Rio de Janeiro,"Praça General Tibúrcio, 125",1,1,-22.9538986,-43.1651615
Financiadora de Estudos e Projetos,Rio de Janeiro,"Praia do Flamengo, 200",13,5,-22.9323111,-43.1747591
Hospital Universitário Clementino Fraga Filho,Rio de Janeiro,"Rua Bruno Lobo, S/N",22,11,-22.9268728,-43.7000731
Instituto Infnet,Rio de Janeiro,Centro Geográfico de Rio de Janeiro,2,2,-22.9110137,-43.2093727
Valongo Observatory,Rio de Janeiro,Centro Geográfico de Rio de Janeiro,18,9,-22.8968882,-43.1874656
Fundação Getulio Vargas,Rio de Janeiro,"Praia de Botafogo, 190",52,56,-22.2802074,-42.5326052
Instituto de Pesquisas da Marinha,Rio de Janeiro,"S/R, S/N",7,9,-22.8249251,-43.1826525
Instituto Brasileiro de Geografia e Estatistica,Rio de Janeiro,Centro Geográfico de Rio de Janeiro,30,26,-22.9096579,-43.1701371
Instituto de Biologia do Exército,Rio de Janeiro,Centro Geográfico de Rio de Janeiro,3,4,-22.8330554,-43.0716948
University Gama Filho,Rio de Janeiro,Centro Geográfico de Rio de Janeiro,5,3,-22.862661,-43.2230021
AVM Faculdade Integrada,Rio de Janeiro,Centro Geográfico de Rio de Janeiro,7,5,-22.9137065,-43.2184325
Academia Brasileira de Ciencias,Rio de Janeiro,Centro Geográfico de Rio de Janeiro,7,3,-22.9107504,-43.1731217
Instituto Benjamin Constant,Rio de Janeiro,"Avenida Pasteur, 368",5,5,-22.9536426,-43.1721872
Centro Universitário de Volta Redonda,Rio de Janeiro,"Rua Deputado Geraldo Di Biase, S/N",8,5,-22.521856,-44.1040128
Hemorio,Rio de Janeiro,"Rua Frei Caneca, 8",7,1,-22.9092281,-43.1900317
Instituto Federal Fluminense,Rio de Janeiro,"Rua Doutor Siqueira, 273",18,15,-22.8707156,-43.3414477
Instituto Nacional de Educação de Surdos,Rio de Janeiro,"Rua das Laranjeiras, 232",1,1,-22.9340287,-43.1878419
"Instituto Nacional de Metrologia, Qualidade e Tecnologia",Rio de Janeiro,Centro Geográfico de Rio de Janeiro,15,22,-23.0487308,-43.5975931
Fundação Carlos Chagas Filho de Amparo à Pesquisa do Estado do Rio de Janeiro,Rio de Janeiro,Centro Geográfico de Rio de Janeiro,17,10,-22.8796755,-43.2508881
Hospital Geral de Bonsucesso,Rio de Janeiro,Centro Geográfico de Rio de Janeiro,7,3,-22.8095333,-43.3097039
Hospital Pró-Cardíaco,Rio de Janeiro,"Rua General Polidoro, 192",3,3,-22.9562315,-43.1867821
Instituto Nacional da Propriedade Industrial,Rio de Janeiro,Centro Geográfico de Rio de Janeiro,2,2,-22.02173,-42.0053483
Fundação Oswaldo Cruz,Rio de Janeiro,"Avenida Brasil, 4365",314,181,-22.8705266,-43.350194
Escola Nacional de Saúde Pública,Rio de Janeiro,Centro Geográfico de Rio de Janeiro,13,7,-22.9549718,-43.1722806
"Agencia Nacional de Petroleo, Gas e Biocombustiveis",Rio de Janeiro,Centro Geográfico de Rio de Janeiro,1,1,-22.9007458,-43.1790549
Hospital Municipal Souza Aguiar,Rio de Janeiro,"Praça da República, 111",4,2,-22.9021869,-43.292377
Instituto Nacional de Traumatologia e Ortopedia,Rio de Janeiro,"Avenida Brasil, 500",14,3,-22.8929368,-43.2149679
Hospital Central da Polícia Militar,Rio de Janeiro,Centro Geográfico de Rio de Janeiro,5,4,-22.9130555,-43.2038634
Laboratório Interinstitucional de e-Astronomia,Rio de Janeiro,Centro Geográfico de Rio de Janeiro,21,10,-22.9110137,-43.2093727
Colégio Brasileiro de Cirurgiões,Rio de Janeiro,Centro Geográfico de Rio de Janeiro,9,7,-22.9506801,-43.1911398
Fundação de Apoio à Escola Técnica,Rio de Janeiro,"Acesso a Faetec, S/N",3,3,-22.8937869,-43.3257655
Universidade Estadual da Zona Oeste,Rio de Janeiro,"Avenida Manuel Caldeira de Alvarenga, 1203",6,9,-22.9459867,-43.5196984
Instituto Brasileiro de Mercado de Capitais,Rio de Janeiro,Centro Geográfico de Rio de Janeiro,4,11,-22.9936009,-44.2382892
Instituto de Energia Nuclear,Rio de Janeiro,Centro Geográfico de Rio de Janeiro,24,17,-22.6820629,-43.2852389
Instituto de Pesquisas Jardim Botânico do Rio de Janeiro,Rio de Janeiro,Centro Geográfico de Rio de Janeiro,17,12,-22.965887,-43.2282855
Gisplan (Brazil),Rio de Janeiro,Centro Geográfico de Rio de Janeiro,2,1,-22.9110137,-43.2093727
Colégio Pedro II,Rio de Janeiro,"Rua Lopes Ferraz, S/N",2,3,-22.8384835,-42.1031604
Fundação Saúde,Rio de Janeiro,"Rua Barão de Itapagipe, 225",3,1,-22.9215479,-43.2135252
Hospital do Câncer III,Rio de Janeiro,Centro Geográfico de Rio de Janeiro,5,1,-22.9075761,-43.171262
Instituto Nacional de Cardiologia,Rio de Janeiro,"Rua das Laranjeiras, 374",23,6,-22.9367369,-43.1909589
Instituto Nacional do Câncer,Rio de Janeiro,"Avenida Henrique Valadares, S/N",89,45,-22.9652676,-43.2376911
IBM Research - Brazil,Rio de Janeiro,Centro Geográfico de Rio de Janeiro,141,131,-22.9110137,-43.2093727
Instituto Militar de Engenharia,Rio de Janeiro,Centro Geográfico de Rio de Janeiro,148,152,-22.860348,-43.4028933
Rede Nacional de Pesquisa e Educacao,Rio de Janeiro,Centro Geográfico de Rio de Janeiro,3,3,-22.9110137,-43.2093727
Serviço Geológico do Brasil - CPRM,Rio de Janeiro,Centro Geográfico de Rio de Janeiro,2,2,-22.9542855,-43.1710385
Universidade do Estado do Rio de Janeiro,Rio de Janeiro,"Rua Hormindo Silva, S/N",345,337,-22.9111654,-43.2357832
Escola Naval da Marinha do Brasil,Rio de Janeiro,Centro Geográfico de Rio de Janeiro,30,21,-22.9134654,-43.1590986
Centro Universitário da Cidade,Rio de Janeiro,Centro Geográfico de Rio de Janeiro,47,27,-22.94803,-43.362903
Instituto Superior de Educação do Rio de Janeiro,Rio de Janeiro,"Rua Mariz e Barros, 273",13,1,-22.8937869,-43.3257655
Pontifícia Universidade Católica do Rio de Janeiro,Rio de Janeiro,"Rua Marquês de São Vicente, 225",736,943,-22.8565739,-43.2473425
Centro de Tecnologia Mineral,Rio de Janeiro,Centro Geográfico de Rio de Janeiro,7,5,-22.861014,-43.2205498
Instituto Estadual do Cérebro Paulo Niemeyer,Rio de Janeiro,"Rua Washington Luis, 61",3,5,-22.9113722,-43.2062985
Petrobras (Brazil),Rio de Janeiro,Centro Geográfico de Rio de Janeiro,109,83,-22.3918957,-41.8136449
Universidade Federal do Rio de Janeiro,Rio de Janeiro,"Rua Conquista, S/N",1306,1254,-22.8565739,-43.2473425
Hospital Universitário Pedro Ernesto,Rio de Janeiro,"Boulevard 28 de Setembro, S/N",26,8,-22.8471867,-43.2663633
Centro Universitário Carioca,Rio de Janeiro,Centro Geográfico de Rio de Janeiro,2,2,-22.9075668,-43.1780446
Universidade Unigranrio,Rio de Janeiro,"Rua Professor José de Souza Herdy, 1160",6,5,-22.7891697,-43.3057305
D’Or Institute for Research and Education,Rio de Janeiro,Centro Geográfico de Rio de Janeiro,41,24,-22.9787688,-43.2313633
Comissao Nacional de Energia Nuclear,Rio de Janeiro,Centro Geográfico de Rio de Janeiro,91,44,-22.9180622,-43.2964065
Observatorio Nacional,Rio de Janeiro,Centro Geográfico de Rio de Janeiro,29,16,-22.8984424,-43.1866567
Prefeitura da Cidade do Rio de Janeiro,Rio de Janeiro,"S/R, S/N",1,1,-22.94803,-43.362903
Estácio (Brazil),Rio de Janeiro,Centro Geográfico de Rio de Janeiro,15,13,-22.9110137,-43.2093727
Instituto Nacional de Tecnologia,Rio de Janeiro,"Avenida Venezuela, 82",13,9,-22.9680014,-43.4142694
Hospital Universitário Onofre Lopes,Natal,"Avenida Nilo Peçanha, 620",8,3,-5.8530367,-35.2197382
Instituto Federal do Rio Grande do Norte,Natal,"Avenida Senador Salgado Filho, 1559",58,50,-5.8193078,-35.2126281
Universidade Potiguar,Natal,"Avenida Senador Salgado Filho, 1610",2,3,-5.8666081,-35.1858416
Centro Universitário do Rio Grande do Norte,Natal,"Rua Vereador João da Silva Filho, 2000",10,4,-5.8193078,-35.2126281
Universidade Federal do Rio Grande do Norte,Natal,"Anel Viário da UFRN, S/N",578,646,-5.8193078,-35.2126281
Universidade Federal de Rondônia,Porto Velho,"Avenida Jorge Teixeira, S/N",43,32,-8.835932,-63.9402823
"Instituto Federal de Educação, Ciência e Tecnologia de Rondônia",Porto Velho,Centro Geográfico de Porto Velho,2,2,-8.7691096,-63.8706976
Faculdades Integradas Aparício Carvalho,Porto Velho,Centro Geográfico de Porto Velho,6,1,-8.787461338390546,-63.861499488348244
Faculdade São Lucas,Porto Velho,Centro Geográfico de Porto Velho,2,3,-8.770790660596568,-63.88887617512755
"Instituto Federal de Educação, Ciência e Tecnologia de Roraima",Boa Vista,Centro Geográfico de Boa Vista,2,2,2.8143606,-60.6948782
Universidade Federal de Roraima,Boa Vista,"Avenida Capitão Ene Garcez, 2413",9,13,2.8329953,-60.6951556
Universidade Federal do Pampa,Bagé,"Avenida Maria Anunciação Gomes Godoy, S/N",68,49,-31.3070371,-54.0636326
Universidade da Região da Campanha,Bagé,"Rua Coronel Azambuja, 131",1,1,-31.3137663,-54.1089361
Insituto Nacional de Ciencia e Tecnologia em Engenharia de Software,Cachoeirinha,Centro Geográfico de Cachoeirinha,4,1,-29.9493353,-51.0898927
Universidade Luterana do Brasil,Canoas,Centro Geográfico de Canoas,16,17,-29.9190765,-51.1961522
Universidade La Salle,Canoas,Centro Geográfico de Canoas,11,8,-29.8814889,-51.1705574
Universidade de Caxias do Sul,Caxias do Sul,"Rua Francisco Getúlio Vargas, 1130",69,52,-29.1626062,-51.1663113
University of Cruz Alta,Cruz Alta,Centro Geográfico de Cruz Alta,7,4,-28.645056,-53.6058047
Universidade Regional Integrada do Alto Uruguai e das Missões,Erechim,Centro Geográfico de Erechim,3,3,-27.6350709,-52.2738654
Univates,Lajeado,"Rua Bento Rosa, S/N",9,5,-29.4492754,-51.9458113
Universidade Feevale,Novo Hamburgo,"Rodovia Nestor Herculano de Paula, 2755",26,25,-29.6650828,-51.1190168
Universidade de Passo Fundo,Passo Fundo,"Estrada do Trigo, S/N",51,32,-28.2435244,-52.3266986
Faculdade Meridional,Passo Fundo,Centro Geográfico de Passo Fundo,5,6,-28.2550598,-52.3966606
Universidade Federal de Pelotas,Pelotas,"Estrada do Engenho, 01",272,270,-31.7141812,-52.3670781
Universidade Católica de Pelotas,Pelotas,"Rua Gonçalves Chaves, 373",43,64,-31.7141812,-52.3670781
Instituto Federal Sul-rio-grandense,Pelotas,"Corredor das Tropas, 801",26,37,-31.4485196,-53.1039531
Hospital Ernesto Dornelles,Porto Alegre,"Avenida Ipiranga, 1801",2,1,-30.0559704,-51.1447682
Pontifícia Universidade Católica do Rio Grande do Sul,Porto Alegre,"Avenida Ipiranga, 6681",380,430,-30.033315,-51.219944
Sociadade Brasileira de Computacao,Porto Alegre,Centro Geográfico de Porto Alegre,9,4,-30.0688311,-51.1208619
Hospital São Lucas da PUCRS,Porto Alegre,"Avenida Ipiranga, 6690",18,9,-30.0550262,-51.1757804
Fundação Universitária de Cardiologia,Porto Alegre,"Avenida Princesa Isabel, 370",10,2,-30.0490515,-51.2091485
Santa Casa Hospital,Porto Alegre,"Praça Dom Feliciano, S/N",27,9,-30.0302505,-51.2231423
Instituto do Cérebro,Porto Alegre,"PUCRS, S/N",17,8,-30.0552559,-51.1738279
Instituto Nacional de Medicina Genetica Populacional,Porto Alegre,Centro Geográfico de Porto Alegre,2,2,-30.0706307,-51.1188866
Centro Universitário Metodista IPA,Porto Alegre,"Rua Dona Leonor, 340",1,1,-30.0342174,-51.1972886
Fundação de Ciência e Tecnologia,Porto Alegre,"Avenida das Indústrias, 2270",1,1,-30.1412805,-51.1304933
Hospital Mãe de Deus,Porto Alegre,"Rua José de Alencar, 286",8,5,-30.0556966,-51.2239504
Universidade Federal de Ciências da Saúde de Porto Alegre,Porto Alegre,"Rua Sarmento Leite, 245",71,43,-30.0324999,-51.2303767
Hospital Nossa Senhora da Conceição,Porto Alegre,"Avenida Francisco Trein, 596",12,6,-30.0291688,-51.219205
Universidade Federal do Rio Grande do Sul,Porto Alegre,"Avenida Paulo Gama, 110",1188,1317,-30.033315,-51.219944
Grupo Hospitalar Conceição,Porto Alegre,Centro Geográfico de Porto Alegre,32,10,-30.1064491,-51.1718217
Governo do Estado do Rio Grande do Sul,Porto Alegre,Centro Geográfico de Porto Alegre,3,3,-30.038629,-51.2308141
Hospital de Clínicas de Porto Alegre,Porto Alegre,"Rua Ramiro Barcelos, 2350",117,54,-30.0324999,-51.2303767
Fundação Estadual de Pesquisa Agropecuária,Porto Alegre,"Rua Gonçalves Dias, S/N",1,1,-30.0550087,-51.2205279
Hospital Moinhos de Vento,Porto Alegre,"Rua Ramiro Barcelos, 910",35,10,-30.0251849,-51.2017805
Instituto Rio Grandense do Arroz,Porto Alegre,Centro Geográfico de Porto Alegre,2,3,-30.0689118,-51.1871939
Universidade Federal do Rio Grande,Rio Grande,"Avenida Roraima, 1000",277,281,-32.1652033,-52.206007
Universidade de Santa Cruz do Sul,Santa Cruz do Sul,"Avenida Independência, 2293",44,26,-29.7615737,-52.4283013
Instituto Federal Farroupilha,Santa Maria,"Alameda Santiago do Chile, S/N",18,41,-29.6934704,-53.7929766
Universidade Franciscana,Santa Maria,"Rua Silva Jardim, 1281",11,6,-29.6847084,-53.8130592
Hospital Universitário de Santa Maria,Santa Maria,"Avenida Roraima, 1000",9,4,-29.6963146,-53.7876281
Universidade Federal de Santa Maria,Santa Maria,"S/R, 1000",287,207,-29.6963146,-53.7876281
Universidade Regional de Blumenau,Blumenau,"Rua Antônio da Veiga, 140",29,23,-26.9054799,-49.0787083
Instituto Federal Catarinense,Blumenau,"Rua Bernardino José de Oliveira, 81",19,22,-26.9034834,-49.0782588
Centro Universitário Leonardo da Vinci,Indaial,Centro Geográfico de Indaial,1,1,-26.8901747,-49.2416736
Hospital Municipal São José,Joinville,"Avenida Getúlio Vargas, 238",2,3,-26.3097518,-48.8471277
Embraco (Brazil),Joinville,Centro Geográfico de Joinville,2,2,-26.2629028,-48.8712224
Universidade da Região de Joinville,Joinville,"Rua Universidade, S/N",2,4,-26.3218904,-48.8466458
Universidade Sociedade Educacional de Santa Catarina,Joinville,"Rua Papa João XXIII, 1100",4,2,-26.3295159,-48.8375355
Universidade Tiradentes,Aracaju,"Avenida Murilo Dantas, 300",17,13,-10.9684319,-37.0612574
Instituto de Tecnologia e Pesquisa,Aracaju,Centro Geográfico de Aracaju,5,3,-10.9162061,-37.0774655
Universidade Federal de Sergipe,Aracaju,"Avenida Governador Marcelo Déda Chagas, S/N",144,115,-10.9696367,-37.0363861
Faculdade de Agudos,Agudos,Centro Geográfico de Agudos,1,1,-22.5035,-48.9926121
Centro Universitário Amparense,Amparo,Centro Geográfico de Amparo,1,1,-22.6983036,-46.7671945
Centro Universitário Herminio Ometto de Araras,Araras,Centro Geográfico de Araras,3,2,-22.3589036,-47.3408542
Engemap (Brazil),Assis,Centro Geográfico de Assis,2,3,-22.6559985,-50.4161314
Fundação para o Desenvolvimento Médico e Hospitalar,Bauru,Centro Geográfico de Bauru,1,1,-22.321667,-49.0624913
Instituto Lauro de Souza Lima,Bauru,Centro Geográfico de Bauru,9,3,-22.3261693,-48.9789233
Universidade Sagrado Coração,Bauru,Centro Geográfico de Bauru,5,4,-22.3321936,-49.0182255
Laboratório Bacchi,Botucatu,Centro Geográfico de Botucatu,10,7,-22.9241107,-48.4376002
Medecell (Brazil),Botucatu,Centro Geográfico de Botucatu,3,3,-22.8879628,-48.4410712
Natura (Brazil),Cajamar,Centro Geográfico de Cajamar,4,4,-23.4025088,-46.8324833
Centro de Pesquisa e Desenvolvimento em Telecomunicacoes,Campinas,Centro Geográfico de Campinas,42,19,-22.9074757,-47.0147051
Centrus Diagnósticos por Imagem,Campinas,Centro Geográfico de Campinas,42,28,-22.9069478,-47.0597038
Pontifícia Universidade Católica de Campinas,Campinas,"Avenida Doutor Caio Pinto Guimarães, S/N",41,41,-22.8951626,-47.0793334
Instituto de Tecnologia de Alimentos,Campinas,"Avenida Brasil, 2880",1,1,-22.8740015,-47.080585
Expertise Engenharia (Brazil),Campinas,Centro Geográfico de Campinas,8,3,-22.8211718,-47.0661905
Hospital de Clínicas da Unicamp,Campinas,"Rua Vital Brasil, 251",142,97,-22.822656,-47.0627959
Idea Electronic Systems (Brazil),Campinas,Centro Geográfico de Campinas,2,1,-22.8246425,-47.0655289
Universidade Estadual de Campinas (UNICAMP),Campinas,Centro Geográfico de Campinas,1826,1917,-22.822656,-47.0627959
Instituto Brasileiro de Neurociencia e Neurotecnologia,Campinas,Centro Geográfico de Campinas,13,8,-22.8953595,-47.0701076
Faculdade São Leopoldo Mandic,Campinas,Centro Geográfico de Campinas,16,8,-22.3712056,-47.3936741
Laboratório Nacional de Ciência e Tecnologia do Bioetanol,Campinas,Centro Geográfico de Campinas,19,4,-22.9056391,-47.059564
Centro de Referência em Informação Ambiental,Campinas,Centro Geográfico de Campinas,6,1,-22.9154493,-47.0662553
Laboratorio Nacional de Luz Sincrotron,Campinas,Centro Geográfico de Campinas,39,22,-22.9151577,-47.0236336
Centro de Tecnologia da Informação Renato Archer,Campinas,Centro Geográfico de Campinas,36,41,-22.8516682,-47.1271293
Kryptus (Brazil),Campinas,Centro Geográfico de Campinas,1,1,-22.8126698,-47.0795931
Fotonica (Brazil),Campinas,Centro Geográfico de Campinas,1,1,-22.9056391,-47.059564
Instituto de Medicina Avançada,Campinas,"Avenida Barão de Itapura, 708",1,1,-22.8974267,-47.0682914
Centro Nacional de Pesquisa em Energia e Materiais,Campinas,Centro Geográfico de Campinas,108,45,-22.9074757,-47.0147051
Agronomical Institute of Campinas,Campinas,Centro Geográfico de Campinas,3,2,-21.9678633,-46.8134416
CI&T (Brasil),Campinas,"CPqD, S/N",1,1,-22.8135615,-47.0449479
Laboratorio Nacional de Biociencias,Campinas,Centro Geográfico de Campinas,26,7,-22.3953534,-47.5451554
Hospital of Sobrapar,Campinas,Centro Geográfico de Campinas,1,1,-22.8273264,-47.0675691
ThyssenKrupp (Brazil),Campo Limpo Paulista,Centro Geográfico de Campo Limpo Paulista,7,5,-23.2111417,-46.778285
Faculdades Guarulhos,Guarulhos,"Rua Barão de Mauá, 95",21,19,-23.4724552,-46.5284525
Guarulhos Universidade,Guarulhos,"Avenida Anton Philips, S/N",4,4,-23.437859,-46.4805562
Associação Brasileira da Batata,Itapetininga,Centro Geográfico de Itapetininga,1,1,-23.5959966,-48.0421741
Núcleo de Pesquisas Aplicadas (Brazil),Jaboticabal,Centro Geográfico de Jaboticabal,5,3,-21.252037,-48.325223
Universidade de Mogi das Cruzes,Mogi das Cruzes,"Avenida Francisco Rodrigues Filho, 248",26,21,-23.5214891,-46.1978464
Universidade Braz Cubas,Mogi das Cruzes,"Avenida Francisco Rodrigues Filho, S/N",5,6,-23.5362598,-46.225164
Sugarcane Research Center (Brazil),Piracicaba,Centro Geográfico de Piracicaba,4,4,-22.725165,-47.6493269
Universidade Metodista de Piracicaba,Piracicaba,Centro Geográfico de Piracicaba,16,11,-22.7821359,-47.5929133
Instituto de Pesquisa em Ciencia Florestal,Piracicaba,Centro Geográfico de Piracicaba,4,3,-22.7108951,-47.6313539
Academia da Força Aérea,Pirassununga,"SPA 038/225, S/N",6,4,-21.9894691,-47.3327786
Universidade do Oeste Paulista,Presidente Prudente,"Rua José Bongiovani, S/N",41,37,-22.1331452,-51.382302
Hospital Regional de Presidente Prudente,Presidente Prudente,"Rua José Bongiovani, S/N",35,19,-22.1335432,-51.4081679
Inesc P&D Brasil,Santos,Centro Geográfico de Santos,14,9,-23.9335988,-46.3286399
Universidade Metropolitana de Santos,Santos,"Avenida General Francisco Glicério, S/N",3,3,-23.9573157,-46.3234487
Universidade Santa Cecília,Santos,"Rua Doutor Oswaldo Cruz, S/N",24,19,-23.9656937,-46.3219854
Universidade Católica de Santos,Santos,"Rua Doutor Constituição, S/N",15,23,-23.8646677,-46.2902657
Centro Universitário Lusíada,Santos,Centro Geográfico de Santos,4,4,-23.9335988,-46.3286399
Universidade de Sorocaba,Sorocaba,"Estrada Raphael Lobo de Moraes, S/N",30,21,-23.4684836,-47.4423756
Fundação Faculdade de Medicina,São Paulo,"Avenida Rebouças, 381",4,3,-23.5570321,-46.6700259
Universidade Cidade de São Paulo,São Paulo,"Estrada Raphael Lobo de Moraes, S/N",35,24,-23.5503953,-46.6339471
Universidade Paulista,São Paulo,"Rua Antônio Macedo, 505",69,54,-23.5552461,-46.6622682
Brf (Brazil),São Paulo,Centro Geográfico de São Paulo,7,6,-23.5506507,-46.6333824
Prefeitura do Município de São Paulo,São Paulo,"Avenida Sebastião de Mello Mendes, S/N",3,3,-23.5383214,-46.6391624
Sociedade Brasileira de Cardiologia,São Paulo,Centro Geográfico de São Paulo,6,2,-23.5847183,-46.6515992
Instituto Paulista de Estudos e Pesquisas em Oftalmologia,São Paulo,Centro Geográfico de São Paulo,2,1,-23.5552461,-46.6622682
Fundação de Estudos e Pesquisas Aquáticas,São Paulo,"Avenida Afrânio Peixoto, 412",1,2,-23.567318,-46.7087012
Genomic (Brazil),São Paulo,Centro Geográfico de São Paulo,8,3,-23.5506507,-46.6333824
Secretaria Municipal de Educação de São Paulo,São Paulo,"Rua Eclisio Viviani, 126",1,1,-23.5383214,-46.6391624
Universidade Cruzeiro do Sul,São Paulo,"Avenida Regente Feijó, 295",21,15,-23.5107749,-46.5340548
Hospital São Paulo,São Paulo,"Rua Napoleão de Barros, 715",97,30,-23.5383214,-46.6391624
Hospital da Mulher São Paulo,São Paulo,"Rua Helvétia, S/N",19,5,-23.5301359,-46.6628642
Microsoft (Brazil),São Paulo,Centro Geográfico de São Paulo,28,4,-23.5506507,-46.6333824
Secretaria do Meio Ambiente,São Paulo,"Rua João Kuhl Filho, S/N",5,2,-23.7106932,-45.8656585
Whirlpool (Brazil),São Paulo,Centro Geográfico de São Paulo,2,2,-22.3732184,-47.547865
AC Camargo Hospital,São Paulo,"Rua Osvaldo de Camargo, S/N",261,116,-23.828439,-47.5576139
Anhembi Morumbi University,São Paulo,"Rua Casa do Ator, S/N",12,8,-23.5999176,-46.6763317
Fundação de Apoio à Universidade Federal de São Paulo,São Paulo,Centro Geográfico de São Paulo,47,23,-23.4636103,-46.877192
Hospital Bandeirantes,São Paulo,"Rua Barão de Iguape, 209",6,5,-20.6095697,-50.8100874
Hospital Samaritano de São Paulo,São Paulo,"Rua Conselheiro Brotero, 1486",18,7,-23.5390715,-46.6620335
Hospital do Coração,São Paulo,"Avenida Bernardino de Campos, S/N",22,14,-23.573067,-46.6436657
Universidade Federal de São Paulo,São Paulo,"Rua Botucatu, 740",493,351,-23.5383214,-46.6391624
Universidade de São Paulo,São Paulo,"Avenida Afrânio Peixoto, S/N",3585,3320,-23.5383214,-46.6391624
Secretaria da Educação,São Paulo,"Rua José de Magalhães, S/N",5,6,-23.5956095,-46.6487872
Universidade Nove de Julho,São Paulo,"Rua São Francisco Xavier, S/N",46,35,-23.5748121,-46.6679377
Agência Paulista de Tecnologia dos Agronegócios,São Paulo,Centro Geográfico de São Paulo,3,2,-22.1228839,-51.4099852
Fundação Armando Alvares Penteado,São Paulo,"Rua Alagoas, 903",1,1,-23.5451082,-46.6629404
Biotech (Brazil),São Paulo,Centro Geográfico de São Paulo,7,1,-20.5500036,-48.5817671
Instituto de Infectologia Emílio Ribas,São Paulo,"Rua 4, S/N",16,6,-23.9501881,-46.2914702
Braskem (Brazil),São Paulo,Centro Geográfico de São Paulo,2,2,-23.5506507,-46.6333824
Universidade Estadual Paulista (Unesp),São Paulo,"Avenida Engenheiro Luiz Edmundo Carrijo Coube, 14-01",1134,979,-22.3957568,-47.5441355
Genoa (Brazil),São Paulo,Centro Geográfico de São Paulo,6,1,-23.5506507,-46.6333824
Centro Paulista de Investigação Clinica,São Paulo,Centro Geográfico de São Paulo,4,2,-23.4695522,-46.5322689
Hospital Israelita Albert Einstein,São Paulo,"Rua Apiacás, 85",271,95,-23.5332675,-46.6754824
Sociedade Brasileira de Oncologia Clínica,São Paulo,Centro Geográfico de São Paulo,5,5,-23.5297659,-46.7870593
São Camilo Hospital,São Paulo,"Rua Barão do Bananal, 1086",1,1,-23.5954349,-46.5375846
Instituto de Pesca,São Paulo,Centro Geográfico de São Paulo,1,1,-23.3846984,-44.8882705
Associação Saúde da Família,São Paulo,Centro Geográfico de São Paulo,1,1,-22.2172458,-49.9438054
Centro Universitário Adventista de São Paulo,São Paulo,Centro Geográfico de São Paulo,1,1,-23.663633,-46.7783284
Associação Fundo de Incentivo à Pesquisa,São Paulo,Centro Geográfico de São Paulo,6,1,-21.1299863,-48.9649886
Serviço Nacional de Aprendizagem Comercial,São Paulo,"Avenida Manoel Goulart, S/N",15,13,-20.8148134,-49.3772944
Associação Paulista de Medicina,São Paulo,"Rua São Paulo, S/N",3,1,-23.6219136,-46.5636373
Faculdade Brasil,São Paulo,"Rua Campos Salles, S/N",10,3,-22.9643033,-47.0022417
Secretaria de Planejamento e Gestão,São Paulo,"Rua Alves Guimarães, 403",4,3,-23.2089853,-45.8611056
Insper,São Paulo,"Rua Quatá, 300",15,9,-23.5987249,-46.6764305
Hospital Santa Paula,São Paulo,"Avenida Santo Amaro, 2468",3,2,-23.6169544,-46.5633542
Hospital Sírio-Libanês,São Paulo,"Rua Dona Adma Jafet, 115",111,49,-23.5575141,-46.6538225
Instituto de Saúde,São Paulo,"Rua Santo Antônio, 590",17,9,-23.5512699,-46.6440596
Universidade Brasil,São Paulo,"Rua Carolina Fonseca, 585",97,54,-23.52814,-46.455484
Centro Universitário das Faculdades Metropolitanas Unidas,São Paulo,Centro Geográfico de São Paulo,5,4,-23.5956323,-46.6724913
Centro Latino-Americano e do Caribe de Informação em Ciências da Saúde,São Paulo,Centro Geográfico de São Paulo,14,9,-23.5279625,-46.6656823
Hospital Heliópolis,São Paulo,"Rua Cônego Xavier, 276",7,1,-23.6090148,-46.5932628
Hospital Santa Marcelina,São Paulo,"Rua Santa Marcelina, 177",5,2,-23.596965,-46.4037367
Hospital do Servidor Público Estadual,São Paulo,"Avenida Ibirapuera, 981",14,3,-23.5974637,-46.6523655
Universidade Presbiteriana Mackenzie,São Paulo,"Rua Marquês de Paranaguá, S/N",95,80,-23.5471938,-46.6524631
Fundação de Amparo à Pesquisa do Estado de São Paulo,São Paulo,"Rua Pio XI, 1500",9,7,-23.5363105,-46.7141925
Instituto de Pesquisas Tecnológicas,São Paulo,"Avenida Professor Almeida Prado, 532",12,6,-23.556523,-46.7362573
Irmandade da Santa Casa de Misericórdia de São Paulo,São Paulo,Centro Geográfico de São Paulo,31,14,-23.5438277,-46.6499771
Associação Paulista para o Desenvolvimento da Medicina,São Paulo,Centro Geográfico de São Paulo,2,3,-23.325204,-46.843717
Beneficência Portuguesa de São Paulo,São Paulo,"Rua Francisco de Andrade Machado, S/N",31,18,-23.4348242,-46.5940292
Universidade Ibirapuera,São Paulo,"Avenida Interlagos, 1329",1,1,-23.5769519,-46.6546353
Hospital do Servidor Público Municipal,São Paulo,"Rua Castro Alves, 60",6,2,-23.5974637,-46.6523655
Instituto do Câncer do Estado de São Paulo,São Paulo,Centro Geográfico de São Paulo,200,74,-23.5383214,-46.6391624
Companhia Energética de São Paulo,São Paulo,Centro Geográfico de São Paulo,7,4,-23.5383214,-46.6391624
Centro Universitário São Camilo,São Paulo,"Rua Raul Pompéia, 144",3,3,-23.5954349,-46.5375846
Centro Universitário Belas Artes de São Paulo,São Paulo,"Rua Doutor Álvaro Alvim, 90",3,2,-24.1912076,-46.8105601
Faculdades Oswaldo Cruz,São Paulo,"Rua Brigadeiro Galvão, 540",9,6,-23.5305348,-46.6567045
Instituto Polis,São Paulo,"Rua Araújo, 124",2,2,-22.9350473,-48.0534697
Governo do Estado de São Paulo,São Paulo,"Avenida Morumbi, S/N",11,2,-23.5383214,-46.6391624
Instituto Paulo Gontijo,São Paulo,Centro Geográfico de São Paulo,5,4,-23.5621491,-46.6785568
Association of the Technological Integrated Systems Laboratory,São Paulo,Centro Geográfico de São Paulo,22,13,-23.6642346,-46.8000206
Fleury S.A. (Brazil),São Paulo,Centro Geográfico de São Paulo,72,30,-23.5862631,-46.6636256
Instituto Adolfo Lutz,São Paulo,"Avenida Doutor Arnaldo, 355",33,10,-23.6022887,-46.7542893
Secretaria Municipal do Verde e do Meio Ambiente,São Paulo,Centro Geográfico de São Paulo,1,1,-23.482687,-46.5022189
Sociedade Brasileira Infectologia,São Paulo,Centro Geográfico de São Paulo,13,12,-23.6895847,-46.5085893
"Centro de Inovação, Empreendedorismo e Tecnologia",São Paulo,Centro Geográfico de São Paulo,6,4,-23.5295676,-46.6327581
Intel (Brazil),São Paulo,Centro Geográfico de São Paulo,15,6,-22.8536504,-47.1522128
Itaúsa (Brazil),São Paulo,Centro Geográfico de São Paulo,1,1,-23.5506507,-46.6333824
IBM (Brazil),São Paulo,Centro Geográfico de São Paulo,6,4,-23.5506507,-46.6333824
Hospital das Clínicas da Faculdade de Medicina da Universidade de São Paulo,São Paulo,"Alameda Lorena, S/N",247,91,-23.5570321,-46.6700259
Universidade de Santo Amaro,São Paulo,"Rua Domingos Lirio, S/N",16,10,-23.6556547,-46.7209734
Fundação Escola de Sociologia e Política de São Paulo,São Paulo,"Rua General Jardim, 522",4,3,-23.5444039,-46.6496539
Pontifícia Universidade Católica de São Paulo,São Paulo,"Rua Monte Alegre, 984",101,100,-23.5383214,-46.6391624
Secretaria de Agricultura e Abastecimento,São Paulo,"Praça Ramos de Azevedo, 254",12,3,-23.5217515,-47.1279352
Hospital Universitário da Universidade de São Paulo,São Paulo,Centro Geográfico de São Paulo,105,66,-23.5383214,-46.6391624
Fundo Brasil,São Paulo,"S/R, S/N",2,1,-21.1299863,-48.9649886
Instituto Brasileiro de Controle do Câncer,São Paulo,"Avenida Alcântara Machado, 2576",16,7,-22.7323507,-47.6042891
Samsung (Brazil),São Paulo,Centro Geográfico de São Paulo,25,16,-22.8499914,-47.0254553
São Paulo State Technological College,São Paulo,Centro Geográfico de São Paulo,43,37,-23.5342741,-46.6339157
Universidade São Judas Tadeu,São Paulo,"Avenida Vital Brasil, 1000",6,4,-23.5686205,-46.7138069
Centro Brasileiro de Análise e Planejamento,São Paulo,Centro Geográfico de São Paulo,1,1,-23.2089853,-45.8611056
Fundação Faculdade de Odontologia,São Paulo,Centro Geográfico de São Paulo,5,3,-23.5670983,-46.737739
Hospital Alemão Oswaldo Cruz,São Paulo,"Rua João Julião, 331",10,8,-21.7962773,-50.879119
Instituto Butantan,São Paulo,"Avenida Vital Brasil, 1500",22,13,-23.5666397,-46.7199949
Ação Educativa,São Paulo,"Rua General Jardim, 660",7,6,-21.7985946,-48.1823578
Escola Superior de Propaganda e Marketing,São Paulo,"Rua Joaquim Távora, S/N",1,1,-23.5898957,-46.6401203
Nanobionics (Brazil),São Paulo,Centro Geográfico de São Paulo,2,2,-23.5506507,-46.6333824
Nucleo de Informacoes e Coordenacao do ponto BR,São Paulo,Centro Geográfico de São Paulo,5,3,-23.3249401,-44.8469879
Faculdade de Ciências Médicas da Santa Casa de São Paulo,São Paulo,"Largo Santa Cecília, S/N",13,8,-23.5427096,-46.6500781
Instituto Federal de Sao Paulo,São Paulo,Centro Geográfico de São Paulo,117,111,-23.5383214,-46.6391624
Fundação Carlos Chagas,São Paulo,"Avenida Professor Francisco Morato, S/N",10,6,-23.3855479,-47.4784297
Instituto de Pesquisas Energéticas e Nucleares,São Paulo,"Avenida Professor Lineu Prestes, 2242",47,18,-23.5639609,-46.7362134
Casper Líbero Foundation,São Paulo,Centro Geográfico de São Paulo,1,1,-23.5654358,-46.6512009
Instituto Dante Pazzanese de Cardiologia,São Paulo,"Avenida Doutor Dante Pazzanese, 500",8,5,-23.5847183,-46.6515992
Secretaria da Saúde,São Paulo,"Rua João Pessoa, 59",15,10,-23.7072528,-46.5487719
Centro Universitario Senac,São Paulo,Centro Geográfico de São Paulo,1,1,-23.6693884,-46.7012937
Anhanguera (Brazil),Valinhos,Centro Geográfico de Valinhos,7,5,-23.0019015,-47.0302563
Centro Universitário Católico do Sudoeste do Paraná,Palmas,Centro Geográfico de Palmas,9,7,-10.1774207,-48.3611969
Instituto Federal do Tocantins,Palmas,"BR-153, SN",8,8,-10.1827949,-48.3336453
Universidade Federal do Tocantins,Palmas,"Avenida NS-15, S/N",38,28,-10.1827949,-48.3336453
Universidade do Tocantins,Palmas,"Avenida NS-15, S/N",9,4,-10.1827949,-48.3336453
